ENGINEER,PARENT,PARTNO,DESCRIPTION,QTY,VENDOR,VENDOR PARTNO,MANUFACTURER,MANUF. PARTNO,APPROX. LEAD TIME [WEEKS],COST EA.,EXT COST,NOTES,MULTIPLIER,EXTENDED_QTY,QTY ORDERED,QTY RECEIVED
unknown,RC-ASY-00080,MCM 91292A108,"SHCS, M4X0.7, 8MM, 18-8 SS",8,MCMASTER,91292A108,,,1,$0.07,$0.54,100,1,24,,
unknown,RC-ASY-00080,MCM 91292A116,"SHCS, M4x0.7, 10mm, 18-8 SS",4,MCMASTER,91292A116,,,1,0.0723,$0.29,100,1,12,,
unknown,RC-ASY-00080,MCM 91292A118,"SHCS, M4x0.7, 16mm, 18-8 SS",12,MCMASTER,91292A118,,,1,0.0813,$0.98,100,1,36,,
unknown,RC-ASY-00080,MCM 91292A138,"SHCS, M6x1.0, 25mm, 18-8 SS",4,MCMASTER,91292A138,,,1,0.1986,$0.79,50,1,12,,
unknown,RC-ASY-00080,MCM 91292A192,"SHCS, M5x0.8, 30mm, 18-8 SS",4,MCMASTER,91292A192,,,1,$0.18,$0.72,50,1,12,,
unknown,RC-ASY-00080,MCM 92095A177,"BHCS, M3x0.5, 5mm, 18-8 SS",8,MCMASTER,92095A177,,,1,0.0612,$0.49,100,1,24,,
unknown,RC-ASY-00080,MCM 92290A150,"SHCS, M4X0.7, 14MM, 316 SS",4,MCMASTER,92290A150,,,1,$0.28,$1.14,25,1,12,,
unknown,RC-ASY-00082,RC-ASY-00068,"BULK REAGENT ASSEMBLY, RC2",1,,,,,1,$900.00,"$3,200.00",,1,3,,
unknown,RC-ASY-00082,CP UX-12018-24,"BOTTLE CAP, 304 SS THREAD INSERTS, 2X 1_4-28, 38-430 BOTTLE THREADS",1,COLE PARMER,UX-12018-24,,,1,$42.00,$42.00,,1,3,,
unknown,RC-ASY-00082,MCM 1098A91,"HANDLE, SNAP-IN RECESSED, ABS, .04-.055IN THK PNL",2,MCMASTER,1098A91,,,1,$3.20,$6.40,2,1,6,,
unknown,RC-ASY-00082,MCM 91292A116,"SHCS, M4x0.7, 10mm, 18-8 SS",16,MCMASTER,91292A116,,,1,$0.07,$1.16,100,1,48,,
unknown,RC-ASY-00082,MCM 91292A123,"SHCS, M3X0.5, 20MM, 18-8SS",4,MCMASTER,91292A123,,,1,$0.07,$0.27,100,1,12,,
unknown,RC-ASY-00082,MCM 92095A177,"BHCS, M3x0.5, 5mm, 18-8 SS",4,MCMASTER,92095A177,,,1,$0.06,$0.24,100,1,12,,
unknown,RC-ASY-00082,MCM 92095A179,"BHCS, M3x0.5, 6mm, 18-8 SS",6,MCMASTER,92095A179,,,1,$0.05,$0.30,100,1,18,,
unknown,RC-ASY-00082,MCM 92095A189,"BHCS, M4X0.7, 8MM, 18-8 SS",4,MCMASTER,92095A189,,,1,$0.09,$0.36,100,1,12,,
unknown,RC-ASY-00082,MCM 92125A190,"FHCS, M4x0.7, 10mm, 18-8 SS",6,MCMASTER,92125A190,,,1,$0.07,$0.43,100,1,18,,
unknown,RC-ASY-00082,MCM 92125A211,"FHCS, M5x0.8, 14mm, 18-8 SS",4,MCMASTER,92125A211,,,1,$0.13,$0.51,50,1,12,,
unknown,RC-ASY-00082,MCM 92290A124,"SHCS, M3X0.5, 25MM, 316SS",4,MCMASTER,92290A124,,,1,$0.30,$1.21,50,1,12,,
unknown,RC-ASY-00082,MCM 94500A222,"BHCS, M3X0.5, 8MM, 316SS",10,MCMASTER,94500A222,,,1,$0.06,$0.63,100,1,30,,
unknown,RC-ASY-00082,MCM 94500A225,"BHCS, M4X0.7, 6MM, 316SS",6,MCMASTER,94500A225,,,1,$0.08,$0.48,100,1,18,,
unknown,RC-ASY-00082,MCM 94500A261,"BHCS, M3X0.5, 3MM, 316SS",8,MCMASTER,94500A261,,,1,$0.13,$1.07,50,1,24,,
unknown,RC-ASY-00082,TF 2099-0032PK,"NALGENE NARROW MOUTH HDPE BOTTLE, 1L",1,THERMOFISHER,2099-0032PK,,,1,$7.20,$7.20,0,1,3,,
unknown,RC-ASY-00068,RC-FAB-00380,BULK REAGENT HINGE BLOCK,4,PROTOLABS,,PROTOLABS,,1,200,800,,1,12,,
unknown,RC-ASY-00068,RC-FAB-00492,BULK REAGENT QUARTER TURN FOR 500ML NALGENE BOTTLE,4,SMC,,SMC,,1,,0,,1,12,,
unknown,RC-ASY-00068,RC-FAB-00498,BULK REAGENT PIVOT HOUSING FOR 500ML NALGENE BOTTLE,4,PROTOLABS,,PROTOLABS,,1,271.33,1085.32,,1,12,,
unknown,RC-ASY-00068,RC-FAB-00499,BULK REAGENT PIVOT THREAD FOR 500ML NALGENE BOTTLE,4,PROTOLABS,,PROTOLABS,,1,644.55,2578.2,,1,12,,
unknown,RC-ASY-00068,RC-FAB-00598,3D PRINTED BULK REAGENT PIVOT FLAG,4,,,RC,,1,,0,,1,12,,
unknown,RC-ASY-00068,McMaster 2418T147,ULTRA-COMPRESSIBLE O-RING,4,McMaster-Carr Supply Company,2418T147,,,1,10.23 pack of 40,10.23,,1,12,,
unknown,RC-ASY-00068,McMaster 52065K493,"RIGHT ANGLE PUSH TO CONNECT FITTING, 4MM, M6",4,McMaster-Carr Supply Company,52065K493,,,1,2.83,11.32,,1,12,,
unknown,RC-ASY-00068,McMaster 6659K660,OIL-EMBEDDED FLANGED SLEEVE BEARING,8,McMaster-Carr Supply Company,6659K660,,,1,2.18,17.44,,1,24,,
unknown,RC-ASY-00068,McMaster 90269A131,316 STAINLESS STEEL SHOULDER SCREW,8,McMaster-Carr Supply Company,90269A131,,,1,5.88,47.04,,1,24,,
unknown,RC-ASY-00068,McMaster 92290A111,"SHCS, M3X0.5, 6MM, 316 SS",16,McMaster-Carr Supply Company,92290A111,,,1,10.67 pack of 50,10.67,,1,48,,
unknown,RC-ASY-00068,McMaster 9271K604,LH MUSIC-WIRE STEEL TORSION SPRING,4,McMaster-Carr Supply Company,9271K604,,,1,4.63 pack of 6,4.63,,1,12,,
unknown,RC-ASY-00068,McMaster 9271K669,RH MUSIC-WIRE STEEL TORSION SPRING,4,McMaster-Carr Supply Company,9271K669,,,1,4.63 pack of 7,4.63,,1,12,,
unknown,RC-ASY-00068,McMaster 93395A137,TYPE 316 SS FLAT-HEAD SOCKET CAP SCREW,4,McMaster-Carr Supply Company,93395A137,,,1,10.56 pack of 25,,,1,12,,
unknown,RC-ASY-00068,IDEX P-619,"FITTING ADAPTER, 1/4-28 MALE TO MALE LUER SLIP, PP",4,IDEX-HS,P-619,IDEX,,1,3.04,12.16,,1,12,,
unknown,RC-ASY-00068,IDEX XP-235-CP,"FITTING, 1/4-28 FLAT BOTTOM, 1/16"" TUBE, PEEK",4 - 10 pack,IDEX-HS,XP-235-CP,IDEX,,1,41.58,41.58,,1,,,
unknown,RC-ASY-00068,TF 2099-0016,TF NALGENE HDPE BOTTLE 500ML,4 - 48 pack,ThermoFisher Scientific,2099-0016,ThermoFisher Scientific,,1,180.74,180.74,,1,,,
unknown,RC-ASY-00068,Panasonic PM-R25,Panasonic PM-R25 Photointerruptor,4,DigiKey,1110-3888-ND,Panasonic,,1,11,44,,1,12,,
unknown,RC-ASY-00068,IDEX P-831,"Male LuerTight Fitting System for 1/8"" OD",4,IDEX-HS,P-831,IDEX,,1,3.83,15.32,,1,12,,
E. Evje,RC-ASY-00075,RC-FAB-00361,"BASE GASKET, PRESSURE VESSEL, V4  FLUIDICS UNIT",1,,,Pololu,,1,,,,1,3,,
E. Evje,RC-ASY-00075,MCM 1295N271,"VITON O-RING, 2MMX64MM",1,MCMASTER,1295N271,,,1,,,,1,3,,
E. Evje,RC-ASY-00075,IDEX P-321,"PLUG PEEK NATURAL, 1/4-28 FLAT  BOTTOM FITTING",10,IDEX,P-321,,,1,,,,1,30,,
E. Evje,RC-ASY-00075,MCM 52065K492,"PUSH-TO-CONNECT ELBOW FITTING,  M5X0.8, 4MM TUBING",2,MCMASTER,52065K492,,,1,,,,1,6,,
E. Evje,RC-ASY-00075,MCM 5012K320,"PANEL MOUNT QUICK DISCONNECT  FITTING FOR 0.25 IN TUBING, FEMALE",2,MCMASTER,5012K320,,,1,,,Ordered,1,6,,
E. Evje,RC-ASY-00075,MCM 90278A507,"SHSS, M4X0.7, 5MMODX45MM, 18-8  SS",4,MCMASTER,90278A507,,,1,,,,1,12,,
E. Evje,RC-ASY-00075,MCM 92290A597,"SHCS, M1.6X0.35, 4MM, 316SS",40,MCMASTER,92290A597,,,1,,,,1,120,,
E. Evje,RC-ASY-00075,MCM 98952A101,"HXST, M2.5X0.45, 5MM, M-F, AL",13,MCMASTER,98952A101,,,1,,,,1,39,,
E. Evje,RC-ASY-00075,MCM 91355A011,"FBHS, 2-56, 1_4IN, BLACK OXIDE",20,MCMASTER,91355A011,,,1,,,,1,60,,
E. Evje,RC-ASY-00075,MCM 92290A764,"SHCS, M3X0.5, 45MM, 316SS",4,MCMASTER,92290A764,,,1,,,,1,12,,
E. Evje,RC-ASY-00075,MCM 93600A303,"DOWEL PIN, 316 SS, 3MM DIA, 8MM  LNG",12,MCMASTER,93600A303,,,1,,,,1,36,,
E. Evje,RC-ASY-00075,MCM 92290A113,"SHCS, M3X0.5, 8MM, 316SS",2,MCMASTER,92290A113,,,1,,,,1,6,,
E. Evje,RC-ASY-00075,MCM 92290A012,"SHCS, M2X0.4, 5MM, 316SS",8,MCMASTER,92290A012,,,1,,,,1,24,,
E. Evje,RC-ASY-00075,MCM 92290A110,"SHCS, 316 SS, M3X.5, 5MM",17,MCMASTER,92290A110,,,1,,,,1,51,,
E. Evje,RC-ASY-00075,MCM 92290A853,"SHCS, M2.5X0.45, 3MM, 316SS",13,MCMASTER,92290A853,,,1,,,,1,39,,
E. Evje,RC-ASY-00054,MCM 92290A144,"SHCS, M4X0.7, 10MM, 316SS",4,MCMASTER,92290A144,,,1,,,,1,12,,
E. Evje,RC-ASY-00054,MCM 92290A763,"SHCS, M3X0.5, 35MM, 316SS",6,MCMASTER,92290A763,,,1,,,,1,18,,
E. Evje,RC-ASY-00054,MCM 92290A772,"SHCS, M4X0.7, 60MM, 316SS",6,MCMASTER,92290A772,,,1,,,,1,18,,
E. Evje,RC-ASY-00057,KJ D12-N52,"N52 NEODYMIUM MAGNET, 1/16X1/8""",1,K&J MAGNETICS,D12-N52,,,1,,,,1,3,,
E. Evje,RC-ASY-00057,MCM 9433K56,"EXTENSION SPRING, 1"" LGTH, 0.25""  OD, 0.037"" WIRE DIAMETER",1,MCMASTER,9433K56,,,1,,,,1,3,,
E. Evje,RC-ASY-00057,MCM 98055A107,"SHIM WASHER, 0.3MM THICK, 6MM ID",1,MCMASTER,98055A107,,,1,,,,1,3,,
E. Evje,RC-ASY-00057,MCM 90269A111,"SHSS, M2X0.4, 3X4MM, 316SS",2,MCMASTER,90269A111,,,1,,,,1,6,,
E. Evje,RC-ASY-00057,MCM 90263A249,"SHSS, M5X0.8, 4X6MM, 316SS",1,MCMASTER,90263A249,,,1,,,,1,3,,
E. Evje,RC-ASY-00057,MCM 91239A109,"BHCS, M3X0.5, 4MM, BLACK OXIDE",1,MCMASTER,91239A109,,,1,,,,1,3,,
E. Evje,RC-ASY-00057,RC-FAB-00474,"OUTER LID, INSULATION, PRESSURE  VESSEL, V4 FLUIDICS UNIT",1,,,ReadCoor,,1,,,,1,3,,
E. Evje,RC-ASY-00057,MCM 94500A228,"BHCS, M4X0.7, 12MM, 316SS",2,MCMASTER,94500A228,,,1,,,,1,6,,
E. Evje,RC-ASY-00057,MCM 92290A144,"SHCS, M4X0.7, 10MM, 316SS",7,MCMASTER,92290A144,,,1,,,,1,21,,
E. Evje,RC-ASY-00057,RC-FAB-00350,"LID GASKET, ACTUATED LID,  PRESSURE VESSEL, V4 FLUIDICS UNIT",1,,,,,1,,,quoted,1,3,,
E. Evje,RC-ASY-00057,MCM 91801A107,"FHCS, M2X0.4, 6MM, 316SS",14,MCMASTER,91801A107,,,1,,,,1,42,,
E. Evje,RC-ASY-00057,RC-FAB-00592,BALL JOINT RETAIN PLATE INSULATION,4,,,,,1,,,quoted,1,12,,
E. Evje,RC-ASY-00057,MCM 95783A056,"HXST, M2.5X0.45, 10MM, 4.5MM HEX, M-F, NYLON",8,MCMASTER,95783A056,,,1,,,,1,24,,
E. Evje,RC-ASY-00057,MCM 95783A050,"HXST, M2.5X0.45, 5MM, M-F, NYLON",2,MCMASTER,,,,1,,,,1,6,,
E. Evje,RC-ASY-00057,MCM 92290A853,"SHCS, M2.5X0.45, 3MM, 316SS",11,MCMASTER,92290A853,,,1,,,,1,33,,
E. Evje,RC-ASY-00057,MCM 92290A126,"SHCS, M3X0.5, 30MM, 316SS",8,MCMASTER,92290A126,,,1,,,Ordered,1,24,,
E. Evje,RC-ASY-00057,MCM 93395A207,"FHCS, M3X0.5, 12MM, 316SS",8,MCMASTER,93395A207,,,1,,,Ordered,1,24,,
E. Evje,RC-ASY-00060,RC-FAB-00392,"BUMPER, SPRUNG HINGE, PRESSURE  VESSEL, V4 FLUIDICS UNIT",2,,,,,1,,,,2,12,,
E. Evje,RC-ASY-00060,MCM 9271K444,"TORSION SPRING, 270 DEGREES,  LEFT-HAND WOUND, 0.805"" OD",1,MCMASTER,9271K444,,,1,,,,2,6,,
E. Evje,RC-ASY-00060,MCM 98317A233,"EXTERNAL RETAINTING TING, 11-15  MM OD",2,MCMASTER,98317A233,,,1,,,,2,12,,
E. Evje,RC-ASY-00060,MIS WS-PTFE-M12,PTFE ROUND WASHER 25X12X2MM,1,MISUMI,WS-PTFE-M12,,,1,,,,2,6,,
E. Evje,RC-ASY-00060,MCM 6679K36,"DRY RUNNING ROTARY SLEEVE  BEARING, 8MM LNGTH X 12MM ID",2,MCMASTER,6679K36,,,1,,,,2,12,,
E. Evje,RC-ASY-00060,MCM 92871A304,"US, M3, 4,5MM OD, 12MM 18-8SS",2,MCMASTER,92871A304,,,1,,,,2,12,,
E. Evje,RC-ASY-00060,MCM 92290A761,"SHCS, M3X0.5, 18MM, 316SS",2,MCMASTER,92290A761,,,1,,,,2,12,,
E. Evje,RC-ASY-00060,MCM 92605A528,"FPSS, M4X0.7, 10MM, 316SS",1,MCMASTER,92605A528,,,1,,,,2,6,,
E. Evje,RC-ASY-00060,MCM 92095A451,"BHCS, M2X0.4, 4MM, 18-8SS",2,MCMASTER,92095A451,,,1,,,,2,12,,
E. Evje,RC-ASY-00060,MCM 1775N120,"SPLIT WAVE DISC SPRING, 0.480"" ID,  0.625"" OD",2,MCMASTER,1775N120,,,1,,,,2,12,,
E. Evje,RC-ASY-00123,RC-FAB-00472,"BACK SIDE INSULATION, PRESSURE  VESSEL, V4 FLUIDICS UNIT",1,,,ReadCoor,,1,,,,1,3,,
E. Evje,RC-ASY-00123,MCM 93600A304,"DP, 3MM, 10MM, 316SS",8,MCMASTER,93600A304,,,1,,,,1,24,,
E. Evje,RC-ASY-00123,RC-FAB-00471,"RIGHT SIDE INSULATION, PRESSURE  VESSEL, V4 FLUIDICS UNIT",2,,,ReadCoor,,1,,,,1,6,,
E. Evje,RC-ASY-00123,MCM 96887A329,"SN, M4X0.7, STEEL ZINC PLATED",8,MCMASTER,96887A329,,,1,,,,1,24,,
E. Evje,RC-ASY-00123,MCM 92290A113,"SHCS, M3X0.5, 8MM, 316SS",2,MCMASTER CARR,92290A113,,,1,,,,1,6,,
E. Evje,RC-ASY-00123,RC-FAB-00473,"FRONT SIDE INSULATION, PRESSURE  VESSEL, V4 FLUIDICS UNIT",1,,,ReadCoor,,1,,,,1,3,,
E. Evje,RC-ASY-00123,DGKY HE584-ND,SCREW MOUNT HALL EFFECT  SENSOR,1,DIGIKEY,HE584-ND,,,1,,,,1,3,,
E. Evje,RC-ASY-00123,MIGA T220,Miga T220 SMA Actuator,1,MIGA MOTORS,T220,,,1,,,,1,3,,
E. Evje,RC-ASY-00123,ELATEC TWN4  MULTITECH 3,"TWN4 MULTITECH 3, OEM RFID  READER/WRITER FOR LF, HF, NFC",1,ELATEC,TWN4 MULTITECH 3,,,1,,,,1,3,,
E. Evje,RC-ASY-00123,MCM 92095A459,"BHCS, M2.5X0.45, 8MM, 18-8SS",3,MCMASTER,92095A459,,,1,,,,1,9,,
E. Evje,RC-ASY-00123,MCM 92095A276,"BHCS, M2X0.4, 3MM, 18-8SS",4,MCMASTER,92095A276,,,1,,,,1,12,,
E. Evje,RC-ASY-00123,MCM 98952A101,"HXST, M2.5X0.45, 5MM, M-F, AL",4,MCMASTER,98952A101,,,1,,,,1,12,,
E. Evje,RC-ASY-00123,MCM 92290A853,"SHCS, M2.5X0.45, 3MM, 316SS",4,MCMASTER,92290A853,,,1,,,,1,12,,
E. Evje,RC-ASY-00123,MCM 94500A261,"BHCS, M3X0.5, 3MM, 316SS",2,MCMASTER,94500A261,,,1,,,,1,6,,
E. Evje,RC-ASY-00123,MCM 94500A222,"BHCS, M3X0.5, 8MM, 316SS",4,MCMASTER,94500A222,,,1,,,,1,12,,
E. Evje,RC-ASY-00123,MCM 92290A847,"SHCS, M1.6X0.35, 2MM, 316SS",1,MCMASTER,92290A847,,,1,,,,1,3,,
E. Evje,RC-ASY-00123,MCM 92290A144,"SHCS, M4X0.7, 10MM, 316SS",9,MCMASTER,92290A144,,,1,,,,1,27,,
E. Evje,RC-ASY-00123,MCM 92290A140,"SHCS, M4X0.7, 8MM, 316SS",14,MCMASTER,92290A140,,,1,,,,1,42,,
E. Evje,RC-ASY-00123,MCM 52065K449,PUSH-TO-CONNECT M5X0.8 4MM  TUBING,2,MCMASTER,52065K449,,,1,,,,1,6,,
E. Evje,RC-ASY-00073,DGKY 235-1400-ND,NTC THERMISTOR 10K OHM 3969K  PROBE TYPE,1,DIGIKEY,235-1400-ND,,,1,,,,1,3,,
E. Evje,RC-ASY-00073,MCM 9262K422,"BUNA-N O-RING, 1.5MM CS, 4MM ID",2,MCMASTER,9262K422,,,1,,,,1,6,,
E. Evje,RC-ASY-00073,MIS MSWS8-6,"M8X1.25 X 8MM SCREW PLUG,  BLACK OXIDE STEEL, MISUMI",2,MISUMI,MSWS8-6,,,1,,,,1,6,,
E. Evje,RC-ASY-00073,MCM 52065K449,"PUSH-TO-CONNECT FITTING, M5X0.8,  4MM TUBING",2,MCMASTER,52065K449,,,1,,,,1,6,,
E. Evje,RC-ASY-00073,MCM 92290A113,"SHCS, M3X0.5, 8MM, 316SS",10,MCMASTER,92290A113,,,1,,,,1,30,,
E. Evje,RC-ASY-00073,MCM 92290A847,"SHCS, M1.6X0.35, 2MM, 316SS",2,MCMASTER,92290A847,,,1,,,,1,6,,
E. Evje,RC-ASY-00073,MCM 90269A117,"SHSS, M3X0.5, 5MM, 316SS",2,MCMASTER,90269A117,,,1,,,,1,6,,
E. Evje,RC-ASY-00073,MCM 90263A132,"SHSS, M3X0.5, 4X30MM, 316SS",4,MCMASTER,90263A132,,,1,,,,1,12,,
E. Evje,RC-ASY-00073,CS B8-31,"COMPRESSION SPRING, 1.16X0.296  IN",4,CENTURY SPRING,B8-31,,,1,,,,1,12,,
E. Evje,RC-ASY-00091,MCM 4277T517,"MINIATURE RELIEF VALVE, 1/8 NPT,  10 PSI",1,MCMASTER,4277T517,,,1,,,,1,3,,
E. Evje,RC-ASY-00091,MCM 93627A610,"PHPMS WITH O-RING, M5X0.8, 6MM,  18-8SS",5,MCMASTER,93627A610,,,1,,,,1,15,,
E. Evje,RC-ASY-00091,MCM 5225K563,"PUSH-TO-CONNECT ELBOW FITTING,  M5X0.8, 4MM TUBING",4,MCMASTER,5225K563,,,1,,,,1,12,,
E. Evje,RC-ASY-00090,BES M5B-05,"5 MICRON EXHAUST FILTER, M5X0.8",1,BESWICK,M5B-05,,,1,,,,1,3,,
E. Evje,RC-ASY-00090,MCM 2857T113,"O-RING, -007, VITON",2,MCMASTER,2857T113,,,1,,,,1,6,,
E. Evje,RC-ASY-00090,MCM 1174N212,"BUNA-N O-RING, A50, 1.5X3MM",1,MCMASTER,1174N212,,,1,,,,1,3,,
E. Evje,RC-ASY-00090,MCM 52065K499,"PUSH TO CONNECT FITTING, M5X0.8,  4MM TUBING",5,MCMASTER,52065K499,,,1,,,,1,15,,
E. Evje,RC-ASY-00090,MCM 5225K712,"PUSH TO CONNECT FITTING, 1/8 NPT,  6MM TUBING",1,MCMASTER,5225K712,,,1,,,,1,3,,
E. Evje,RC-ASY-00090,MCM 93627A610,"PHPMS WITH O-RING, M5X0.8, 6MM,  18-8SS",2,MCMASTER,93627A610,,,1,,,,1,6,,
E. Evje,RC-ASY-00090,MCM 98952A101,"HXST, M2.5X0.45, 5MM, M-F, AL",7,MCMASTER,98952A101,,,1,,,,1,21,,
E. Evje,RC-ASY-00090,SMC V114A-5MOU,3-WAY SOLENOID VALVE FOR AIR,5,AIRLINE,V114A-5MOU,,,1,,,,1,15,,
E. Evje,RC-ASY-00090,MIS SPNKN-BRH-M4-10,"THUMB SCREW, M4X0.7, 10MM,  CHROME PLATES BRASS",2,MISUMI,SPNKN-BRH-M4-10,,,1,,,,1,6,,
E. Evje,RC-ASY-00095,94500A225,"BHCS, M4X0.7, 316SS",2,MCMASTER,94500A225,,,1,,,,1,6,,
E. Evje,RC-ASY-00095,92290A017,"SHCS, M2X0.4, 10MM, 316SS",4,MCMASTER,92290A017,,,1,,,,1,12,,
E. Evje,RC-ASY-00095,96445A330,"THUMB NUT WITH FLANGE, M3X0.5",2,MCMASTER,96445A330,,,1,,,,1,6,,
unknown,RC-ASY-00074,RC-ASY-00105,"ASSY, LOAD CELL DISH HOLDER, RC2",1,,,READCOOR,RC-ASY-00105,1,$195.39,$195.39,1,1,3,,
unknown,RC-ASY-00074,RC-FAB-00409,"BASE, WASTE RESERVOIR, RC2",1,,,PROTOLABS,RC-FAB-00409,1,$471.66,$471.66,1,1,3,,
unknown,RC-ASY-00074,RC-FAB-00411,"COVER, LOAD CELL, WASTE RESERVOIR, RC2",1,,,PROTOLABS,RC-FAB-00411,1,$129.12,$129.12,1,1,3,,
unknown,RC-ASY-00074,RC-FAB-00412,"COVER, SWITCH SIDE, LOAD CELL, WASTE RESERVOIR, RC2",1,,,PROTOLABS,RC-FAB-00412,1,$130.24,$130.24,1,1,3,,
unknown,RC-ASY-00074,RC-FAB-00413,"CONSUMABLE LID, WASTE RESERVOIR, RC2",1,,,PROTOLABS,RC-FAB-00413,1,$182.00,$182.00,1,1,3,,
unknown,RC-ASY-00074,FUTEK FSH02666,"LOAD CELL, MINI S BEAM, 20g, 4-40 THREAD, 2024-T4, LSB200",1,,,FUTEK,FSH02666,1,$750.00,$750.00,0,1,3,,
unknown,RC-ASY-00074,KJ R422CS-S,"CSINK MAGNET, 1_4in X 1_8in, No. 2 CSINK",4,,,K&J MAGNETICS,R422CS-S,1,$0.34,$1.36,0,1,12,,
unknown,RC-ASY-00074,LACONT 180430,"NUCONS ROUND 2 PIECE CONTAINER, 1.8in OD, 9.46mL, CLEAR, PP",1,ESD PLASTIC CONTAINERS,180430-CLR (180000-CLR Lids),LA CONTAINER,180430,1,$0.90,$0.90,0,1,3,,
unknown,RC-ASY-00074,MCM 91263A376,"FHCS, 4-40, 1_4in, 82deg CSINK, ALLOY S",2,MCMASTER,91263A376,,,1,$0.10,$0.19,100,1,6,,
unknown,RC-ASY-00074,MCM 91292A009,"SHCS, M2.5X0.45, 5mm, 18-8 SS",2,MCMASTER,91292A009,,,1,$0.05,$0.09,100,1,6,,
unknown,RC-ASY-00074,MCM 91781A078,"FHCS, 2-56, 5_16in, 18-8 SS",4,MCMASTER,91781A078,,,1,$0.04,$0.14,100,1,12,,
unknown,RC-ASY-00074,MCM 92095A471,"BHCS, M3x0.5, 4mm, 18-8 SS",2,MCMASTER,92095A471,,,1,$0.04,$0.09,100,1,6,,
unknown,RC-ASY-00074,MCM 93395A198,"FHCS, M3x0.5, 6mm, 316 SS",4,MCMASTER,93395A198,,,1,$0.14,$0.58,50,1,12,,
unknown,RC-ASY-00074,MCM 93600A208,"DOWEL PIN, 2mm X 12mm, 316 SS",2,MCMASTER,93600A208,,,1,$0.26,$0.52,25,1,6,,
unknown,RC-ASY-00074,OMRON D2HW-BL203MR,"MECHANICAL SWITCH, PLUNGER, 5-12VDC, SPST-NO, WIRE LEADS RIGHT SIDE, IP67",1,DIGIKEY,SW1452-ND,OMRON,D2HW-BL203M,1,$6.27,$6.27,1,1,3,,
unknown,RC-ASY-00081,HUTCH LMS-M112042,"VIBRATION ISOLATING MOUNT, LEVELING, 10-20Hz, 100-400lb, 51mm ROD, NEOPRENE",4,DB ROBERTS,VLILMS-M112042,HUTCHINSON AI,LMS-M112042,1,$24.00,$96.00,8,1,12,,
unknown,RC-ASY-00081,MCM 90591A181,"HEX NUT, M12x1.75, Zinc Plated Steel",4,MCMASTER,90591A181,,,1,$0.19,$0.78,8,1,12,,
unknown,RC-ASY-00081,MCM 91292A116,"SHCS, M4x0.7, 10mm, 18-8 SS",6,MCMASTER,91292A116,,,1,$0.07,$0.43,100,1,18,,
unknown,RC-ASY-00081,MCM 91292A121,"SHCS, M4x0.7, 20mm, 18-8 SS",3,MCMASTER,91292A121,,,1,$0.09,$0.27,100,1,9,,
unknown,RC-ASY-00081,MCM 91292A122,"SHCS, M4x0.7, 25mm, 18-8 SS",4,MCMASTER,91292A122,,,1,$0.10,$0.40,100,1,12,,
unknown,RC-ASY-00081,MCM 91292A133,"SHCS, M4x0.7, 45mm, 18-8 SS",2,MCMASTER,91292A133,,,1,$0.19,$0.37,50,1,6,,
unknown,RC-ASY-00081,MCM 91292A147,"SHCS, M8x1.25, 20mm, 18-8 SS",4,MCMASTER,91292A147,,,1,$0.35,$1.42,25,1,12,,
unknown,RC-ASY-00081,MCM 92095A189,"BHCS, M4X0.7, 8MM, 18-8 SS",4,MCMASTER,92095A189,,,1,$0.09,$0.36,100,1,12,,
unknown,RC-ASY-00081,MCM 92095A197,"BHCS, M4x0.7, 25mm, 18-8 SS",4,MCMASTER,92095A197,,,1,$0.17,$0.66,50,1,12,,
unknown,RC-ASY-00081,MCM 92125A208,"FHCS, M5x0.8, 10mm, 18-8 SS",16,MCMASTER,92125A208,,,1,$0.12,$1.96,100,1,48,,
unknown,RC-ASY-00081,MCM 98952A102,"HEX STAND OFF, M3x0.5, 5mm, M-F, AL",8,MCMASTER,98952A102,,,1,$1.57,$12.56,15,1,24,,
unknown,RC-ASY-00081,MIS PIPS30-6-600,"PIPE, 30mm OD, 6mm THICK, 600mm LONG, 304 SS",1,MISUMI,PIPS30-6-600,,,1,$94.90,$94.90,1,1,3,,
unknown,RC-ASY-00081,MIS TLSM30,"SHAFT COLLAR, FLANGE MOUNT, 30mm POST OD, Ni PLATED 1045 S",1,MISUMI,TLSM30,,,1,$67.85,$67.85,1,1,3,,
unknown,RC-ASY-00078,MCM 7582K64,"MCM CABLE TIE MNT, 4 WAY, SCREW MNT, BLK, 7582K64",4,MCMASTER,7582K64,,,1,$0.11,$0.46,100,1,12,,
unknown,RC-ASY-00078,MCM 91292A131,"SHCS, M4x0.7, 35mm, 18-8 SS",4,MCMASTER,91292A131,,,1,$0.15,$0.60,50,1,12,,
unknown,RC-ASY-00078,MCM 92125A127,"FHCS, M3x0.5, 4mm, 18-8 SS",16,MCMASTER,92125A127,,,1,$0.15,$2.46,50,1,48,,
unknown,RC-ASY-00078,MCM 92290A150,"SHCS, M4X0.7, 14MM, 316 SS",2,MCMASTER,92290A150,,,1,$0.28,$0.57,25,1,6,,
unknown,RC-ASY-00078,MCM 94500A225,"BHCS, M4X0.7, 316SS",4,MCMASTER,94500A225,,,1,$0.08,$0.32,100,1,12,,
unknown,RC-ASY-00079,HUTCH LMS-M112042,"VIBRATION ISOLATING MOUNT, LEVELING, 10-20Hz, 100-400lb, 51mm ROD, NEOPRENE",4,DB ROBERTS,VLILMS-M112042,HUTCHINSON AI,LMS-M112042,1,$24.00,$96.00,8,1,12,,
unknown,RC-ASY-00079,ICOTEK 39910,"CABLE GROMMET, 4X 5mm WIRES",4,GALCO,39910,ICOTEK,39910,1,$4.13,$16.52,,1,12,,
unknown,RC-ASY-00079,MCM 90591A181,"HEX NUT, M12x1.75, Zinc Plated Steel",4,MCMASTER,90591A181,,,1,$0.18,$0.74,0,1,12,,
unknown,RC-ASY-00079,MCM 91292A022,"SHCS, M3x0.5, 30mm, 18-8 SS",4,MCMASTER,91292A022,,,1,$0.08,$0.33,50,1,12,,
unknown,RC-ASY-00079,MCM 91292A116,"SHCS, M4x0.7, 10mm, 18-8 SS",2,MCMASTER,91292A116,,,1,$0.07,$0.14,100,1,6,,
unknown,RC-ASY-00079,MCM 91292A124,"SHCS, M5x0.8, 10mm, 18-8 SS",4,MCMASTER,91292A124,,,1,$0.09,$0.35,100,1,12,,
unknown,RC-ASY-00079,MCM 91292A126,"SHCS, M5x0.8, 16mm, 18-8 SS",6,MCMASTER,91292A126,,,1,$0.11,$0.64,100,1,18,,
unknown,RC-ASY-00079,MCM 91292A138,"SHCS, M6x1.0, 25mm, 18-8 SS",13,MCMASTER,91292A138,,,1,$0.19,$2.45,50,1,39,,
unknown,RC-ASY-00079,MCM 91292A201,"SHCS, M6x1.0, 8mm, 18-8 SS",8,MCMASTER,91292A201,,,1,$0.13,$1.01,50,1,24,,
unknown,RC-ASY-00079,MCM 92095A179,"BHCS, M3x0.5, 6mm, 18-8 SS",14,MCMASTER,92095A179,,,1,$0.05,$0.71,100,1,42,,
unknown,RC-ASY-00079,MCM 92095A479,"BHCS, M4x0.7, 22mm, 18-8 SS",4,MCMASTER,92095A479,,,1,$0.13,$0.54,50,1,12,,
unknown,RC-ASY-00079,MCM 92125A208,"FHCS, M5x0.8, 10mm, 18-8 SS",16,MCMASTER,92125A208,,,1,$0.12,$1.86,100,1,48,,
unknown,RC-ASY-00079,MCM 9247K330,"VIBRATION DAMPING MOUNT, M6x1 F-F, 0.5in THICK, 210lb, NATURAL RUBBER",8,MCMASTER,9247K33,,,1,$2.68,$21.44,8,1,24,,
unknown,RC-ASY-00079,MCM 93339A064,"SET SCREW, BALL POINT, M4x0.7, 8mm, ALLOY S",2,MCMASTER,93339A064,,,1,$5.35,$10.70,2,1,6,,
unknown,RC-ASY-00079,MCM 94500A222,"BHCS, M3X0.5, 8MM, 316SS",4,MCMASTER,94500A222,,,1,$0.06,$0.25,100,1,12,,
unknown,RC-ASY-00079,MCM 94500A315,"BHCS, M6x1.0, 14mm, 316 SS",10,MCMASTER,94500A315,,,1,$0.17,$1.67,50,1,30,,
unknown,RC-ASY-00079,MCM 96016A051,"THUMB SCREW, M3x0.5, 6mm, PLASTIC HEAD",2,MCMASTER,96016A051,,,1,$0.53,$1.05,2,1,6,,
unknown,RC-ASY-00079,MCM 91292A139,"SHCS, M6x1.0, 30mm, 18-8 SS",8,MCMASTER,91292A139,,,1,$0.20,$1.57,50,1,24,,
unknown,RC-ASY-00079,MCM 93475A250,"FWSH, M6, 18-8 SS",8,MCMASTER,93475A250,,,1,$0.05,$0.39,0,1,24,,
unknown,RC-ASY-00079,MCM 98952A102,"HEX STAND OFF, M3x0.5, 5mm, M-F, AL",7,MCMASTER,98952A102,,,1,$1.57,$10.99,15,1,21,,
unknown,RC-ASY-00079,MCM 98952A108,"HEX STANDOFF, M3x0.5, 10mm, 4.5mm Hex, M-F, AL",4,MCMASTER,98952A108,,,1,$1.66,$6.64,4,1,12,,
unknown,RC-ASY-00084,MCM 92095A177,"BHCS, M3x0.5, 5mm, 18-8 SS",4,MCMASTER,92095A177,,,1,$0.06,$0.24,,1,12,,
unknown,RC-ASY-00086,RC-FAB-00600,"DIN RAIL, DC POWER, RC2-B",1,,,READCOOR,,1,,$0.00,1,1,3,,
unknown,RC-ASY-00086,RC-FAB-00601,"DIN RAIL, AC POWER, RC2-B",1,,,READCOOR,,1,,$0.00,1,1,3,,
unknown,RC-ASY-00086,MCM 92095A308,"BHCS, M5x0.8, 5mm, 18-8 SS",2,MCMASTER,92095A308,,,1,$0.23,$0.46,50,1,6,,
unknown,RC-ASY-00086,MCM 94500A223,"BHCS, M3x0.5, 10mm, 316 SS",6,MCMASTER,94500A223,,,1,$0.07,$0.42,100,1,18,,
unknown,RC-ASY-00086,MCM 94500A225,"BHCS, M4X0.7, 316SS",2,MCMASTER,94500A225,,,1,$0.08,$0.16,100,1,6,,
unknown,RC-ASY-00097,KOOL FIT-V06X10,"COMPRESSION FITTING, STRAIGHT, 10mm OD TUBING TO 1-4in BSPP",2,KOOLANCE,FIT-V06X10,,,1,$3.99,$7.98,2,1,6,,
unknown,RC-ASY-00097,KOOL HX-120XC,"RADIATOR, 120X120mm FANS, 54mm THICK",1,KOOLANCE,HX-120XC,,,1,$48.99,$48.99,1,1,3,,
unknown,RC-ASY-00097,KOOL SEN-TP010MFG,"INLINE TEMP SENSOR, 1-4IN BSPP M-F",1,KOOLANCE,SEN-TP010MFG,,,1,$19.99,$19.99,1,1,3,,
unknown,RC-ASY-00097,MCM 5225K36,"PTC Fitting, Bulkhead, 6mm OD Tubing, 13mm Panel Hole, Nylon, Air",1,MCMASTER,5225K36,,,1,$6.05,$6.05,2,1,3,,
unknown,RC-ASY-00097,MCM 92125A128,"FHCS, 18-8 SS, M3X.5, 8MM",2,MCMASTER,92125A128,,,1,$0.04,$0.07,100,1,6,,
unknown,RC-ASY-00097,MCM 93825A110,"LN, M3x0.5, LOCK WASHER, STEEL CLASS 8",10,MCMASTER,93825A110,,,1,$0.10,$0.96,100,1,30,,
unknown,RC-ASY-00097,MCM 94500A222,"BHCS, M3X0.5, 8MM, 316SS",8,MCMASTER,94500A222,,,1,$0.06,$0.50,100,1,24,,
unknown,RC-ASY-00098,MCM 5225K36,"PTC Fitting, Bulkhead, 6mm OD Tubing, 13mm Panel Hole, Nylon, Air",1,MCMASTER,5225K36,,,1,$6.05,$6.05,,1,3,,
unknown,RC-ASY-00098,MCM 5225K35,"PTC Fitting, Bulkhead, 4mm OD Tubing, 11mm Panel Hole, Nylon, Air",4,MCMASTER,5225K35,,,1,$5.15,$20.60,,1,12,,
unknown,RC-ASY-00099,MCM 93825A110,"LN, M3x0.5, LOCK WASHER, STEEL CLASS 8",8,MCMASTER,93825A110,,,1,$0.10,$0.77,100,1,24,,
unknown,RC-ASY-00099,MCM 94500A222,"BHCS, M3X0.5, 8MM, 316SS",8,MCMASTER,94500A222,,,1,$0.06,$0.50,100,1,24,,
unknown,RC-ASY-00102,IDEX P-321,"FITTING PLUG, 1/4-28, PEEK",1,,,IDEX,P-321,1,$12.54,$12.54,4,1,3,,
unknown,RC-ASY-00102,IDEX P-619,"FITTING ADAPTER, 1/4-28 MALE TO MALE LUER SLIP, PP",1,,,IDEX,P-619,1,$3.04,$3.04,0,1,3,,
unknown,RC-ASY-00102,IDEX P-683,"FITTING, 1/4-28 MALE TO MALE LUER LOCK, PEEK",1,,,IDEX,P-683,1,$20.56,$20.56,0,1,3,,
unknown,RC-ASY-00102,IDEX XP-235-CP,"FITTING, 1/4-28 FLAT BOTTOM, 1/16"" TUBE, PEEK",1,,,IDEX,XP-235-CP,1,,$0.00,0,1,3,,
unknown,RC-ASY-00102,MCM 92125A130,"FHCS, M3x0.5, 10mm, 18-8 SS",2,MCMASTER,92125A130,,,1,$0.06,$0.12,25,1,6,,
unknown,RC-ASY-00102,MCM 92290A111,"SHCS, M3X0.5, 6MM, 316 SS",3,MCMASTER,92290A111,,,1,$0.20,$0.61,50,1,9,,
unknown,RC-ASY-00102,MCM 94500A222,"BHCS, M3X0.5, 8MM, 316SS",2,MCMASTER,94500A222,,,1,$0.06,$0.13,100,1,6,,
unknown,RC-ASY-00102,NORD 7018216,"TAPERED NEEDLE, 20 GAUGE, PE",1,,,NORDSON EFD,7018216,1,,$0.00,0,1,3,,
unknown,RC-ASY-00103,RC-FAB-00507,"BASE PLATE, BULK WASTE MODULE, RC2",1,,,PROTOLABS,,1, $ 292.19 , $ 292.19 ,,1,3,,
unknown,RC-ASY-00103,RC-FAB-00509,"SIDE SUPPORT, BULK WASTE MODULE, RC2",2,,,PROTOLABS,,1, $ 471.92 , $ 943.84 ,,1,6,,
unknown,RC-ASY-00103,RC-FAB-00510,"XY GUIDE, BULK WASTE MODULE, RC2",2,,,PROTOLABS,,1, $ 201.60 , $ 403.20 ,,1,6,,
unknown,RC-ASY-00103,RC-FAB-00513,"CRANK ARM, LEFT, BULK WASTE MODULE, RC2",1,,,PROTOLABS,,1, $ 274.01 , $ 274.01 ,,1,3,,
unknown,RC-ASY-00103,RC-FAB-00514,"CRANK ARM, RIGHT, BULK WASTE MODULE, RC2",1,,,PROTOLABS,,1, $ 274.01 , $ 274.01 ,,1,3,,
unknown,RC-ASY-00103,RC-FAB-00516,"OUTER CAP, BULK WASTE MODULE, RC2",1,,,PROTOLABS,,1, $ 263.39 , $ 263.39 ,,1,3,,
unknown,RC-ASY-00103,RC-FAB-00518,"UPPER CAP, BULK WASTE MODULE, RC2",1,,,PROTOLABS,,1, $ 388.73 , $ 388.73 ,,1,3,,
unknown,RC-ASY-00103,RC-FAB-00519,"HANDLE ACTUATOR, BULK WASTE MODULE, RC2",1,,,PROTOLABS,,1, $ 233.62 , $ 233.62 ,,1,3,,
unknown,RC-ASY-00103,RC-FAB-00520,"LOCKING PIN, BULK WASTE MODULE, RC2",2,,,PROTOLABS,,1, $ 228.81 , $ 457.62 ,,1,6,,
unknown,RC-ASY-00103,RC-FAB-00521,"HANDLE, BULK WASTE MODULE, RC2",1,,,PROTOLABS,,1, $ 182.02 , $ 182.02 ,,1,3,,
unknown,RC-ASY-00103,RC-FAB-00522,"TOP PLATE 1, BULK WASTE MODULE, RC2",1,,,PROTOLABS,,1, $ 279.75 , $ 279.75 ,,1,3,,
unknown,RC-ASY-00103,RC-FAB-00523,"TOP PLATE 2, BULK WASTE MODULE, RC2",1,,,PROTOLABS,,1, $ 265.17 , $ 265.17 ,,1,3,,
unknown,RC-ASY-00103,RC-FAB-00524,"LIMIT SWITCH BRKT, BULK WASTE MODULE, RC2",2,,,PROTOLABS,,1, $ 113.89 , $ 227.78 ,,1,6,,
unknown,RC-ASY-00103,RC-FAB-00525,"SPRING BLOCK, LEFT, BULK WASTE MODULE, RC2",1,,,PROTOLABS,,1, $ 160.05 , $ 160.05 ,,1,3,,
unknown,RC-ASY-00103,RC-FAB-00526,"SPRING BLOCK, RIGHT, BULK WASTE MODULE, RC2",1,,,PROTOLABS,,1, $ 160.05 , $ 160.05 ,,1,3,,
unknown,RC-ASY-00103,RC-FAB-00527,"GASKET PLATE, BULK WASTE MODULE, RC2",1,,,PROTOLABS,,1, $ 374.01 , $ 374.01 ,,1,3,,
unknown,RC-ASY-00103,RC-FAB-00528,"GASKET, BULK WASTE MODULE, RC2",1,,,READCOOR,,1,, $ -   ,,1,3,,
unknown,RC-ASY-00103,RC-FAB-00568,"HANDLE COVER, BULK WASTE MODULE, RC2",1,,,READCOOR,,1,, $ -   ,,1,3,,
unknown,RC-ASY-00103,CHEMGLASS CG-856-05,"BOTTLE, 2000mL/64OZ, HDPE, RECTANGULAR",1,CHEMGLASS,CG-856-05,,,1, $ 48.10 , $ 48.10 ,,1,3,,
unknown,RC-ASY-00103,IDEX XP-235-CP,"FITTING, 1/4-28 FLAT BOTTOM, 1/16"" TUBE, PEEK",1,IDEX,XP-235-CP,,,1, $ 4.29 , $ 4.29 ,,1,3,,
unknown,RC-ASY-00103,IGUS JFM-0405-03,"BUSHING, 4MM SHAFT DIA ",2,IGUS,JFM-0405-03,,,1, $ 1.12 , $ 2.24 ,,1,6,,
unknown,RC-ASY-00103,IGUS JFM-101215-035,"BUSHING, 10MM SHAFT, 12MM OD, 3.5MM HT ",4,IGUS,JFM-101215-035,,,1, $ 1.41 , $ 5.64 ,,1,12,,
unknown,RC-ASY-00103,LEE LC014B06S316,"COMP. SPRING, ROD 3.61MM, HOLE 4.78MM, 316 SS",2,LEE SPRING,LC014B06S316,,,1, $ 7.21 , $ 14.42 ,,1,6,,
unknown,RC-ASY-00103,LEE LC026EE13S316,"COMP. SPRING, ROD 7.85MM, HOLE 9.93MM, 316 SS",2,LEE SPRING,LC026EE13S316,,,1, $ 7.21 , $ 14.42 ,,1,6,,
unknown,RC-ASY-00103,LEE LTL063L02S,"TORSION SPRING, LEFT, ROD 9.9MM, HOLE 15MM, SS",1,LEE SPRING,LTL063L02S,,,1, $ 10.26 , $ 10.26 ,,1,3,,
unknown,RC-ASY-00103,LEE LTR063L02S,"TORSION SPRING, RIGHT, ROD 9.9MM, HOLE 15MM, SS",1,LEE SPRING,LTR063L02S,,,1, $ 10.26 , $ 10.26 ,,1,3,,
unknown,RC-ASY-00103,LEE LWM451101651S,"WAVE SPRING, ROD 35MM, HOLE 45MM, 17-7 PH",1,LEE SPRING,LWM451101651S,,,1, $ 11.23 , $ 11.23 ,,1,3,,
unknown,RC-ASY-00103,MADISON M3326,"MINI FLOAT SENSOR, 3/8"" BULKHEAD, NC",1,MCMASTER,50195K74,MADISON,M3326,1, $ 25.32 , $ 25.32 ,,1,3,,
unknown,RC-ASY-00103,MCM 91292A113,"SHCS, M3x0.5, 10mm, 18-8 SS",8,MCMASTER,91292A113,,,1, $ 0.05 , $ 0.38 ,,1,24,,
unknown,RC-ASY-00103,MCM 92095A177,"BHCS, M3x0.5, 5mm, 18-8 SS",6,MCMASTER, 92095A177,,,1, $ 0.06 , $ 0.35 ,,1,18,,
unknown,RC-ASY-00103,MCM 92095A182,"BHCS, M3x0.5, 10mm, 18-8 SS",12,MCMASTER,92095A182,,,1, $ 0.08 , $ 1.00 ,,1,36,,
unknown,RC-ASY-00103,MCM 92125A125,"FHCS, M3x0.5, 5mm, 18-8 SS",4,MCMASTER,92125A125,,,1, $ 0.04 , $ 0.15 ,,1,12,,
unknown,RC-ASY-00103,MCM 92125A128,"FHSCS, 18-8 SS, M3X.5, 8MM",2,MCMASTER,92125A128,,,1, $ 0.04 , $ 0.07 ,,1,6,,
unknown,RC-ASY-00103,MCM 94500A264,"BHCS, M3X0.5, 12MM, 316SS",4,MCMASTER,94500A264,,,1, $ 0.04 , $ 0.15 ,,1,12,,
unknown,RC-ASY-00103,MCM 95610A560,"FWSH, M5, 1MM THK, NYLON",2,MCMASTER,95610A560,,,1, $ 0.05 , $ 0.11 ,,1,6,,
unknown,RC-ASY-00103,MCM 97654A378,"BHCS-FL, M6X1.0, 8MM, 18-8 SS",2,MCMASTER,97654A378,,,1, $ 0.58 , $ 1.16 ,,1,6,,
unknown,RC-ASY-00103,MISUMI BCHL5,"BALL ROLLER, 4MM BALL DIA, 5MM THREAD, 304 SS",4,MISUMI,BCHL5,,,1, $ 8.42 , $ 33.68 ,,1,12,,
unknown,RC-ASY-00103,MISUMI SJPNGA3-P8-B1.9-R4,"LOCATING PIN, ROUND, 8MM HEAD, 3MM THREAD, 304 SS",2,MISUMI,SJPNGA3-P8-B1.9-R4,,,1, $ 17.76 , $ 35.52 ,,1,6,,
unknown,RC-ASY-00103,MISUMI SSFJW10-125-M6-N6,"SHAFT, 10MM DIA, 125MM LONG, M6 HOLES, 440C SS",1,MISUMI,SSFJW10-125-M6-N6,,,1, $ 16.88 , $ 16.88 ,,1,3,,
unknown,RC-ASY-00103,OMRON D2HW-BL203ML,"LIMIT SWITCH, SNAP, SPST-NO, 100MA, 125V	",2,DIGIKEY,	Z12226-ND,OMRON,D2HW-BL203ML,1, $ 6.27 , $ 12.54 ,,1,6,,
unknown,RC-ASY-00103,WHATMAN 6704-7500,"IN-LINE CARBON FILTER, 96 x 66 MM",1,COLE PARMER,VV-29708-10,WHATMAN,6704-7500,1, $ 183.60 , $ 183.60 ,,1,3,,
unknown,RC-ASY-00104,RC-ASY-00109,"ASSY, SIPPER TUBE CALIBRATION, RC2-B",1,,,READCOOR,RC-ASY-00109,1,$231.43,$231.43,,1,3,,
unknown,RC-ASY-00104,RC-FAB-00529,"BASEPLATE, SAMPLE CARRIER, RC2-B",1,,,PROTOLABS,RC-FAB-00529,1,$349.49,$349.49,1,1,3,,
unknown,RC-ASY-00104,RC-FAB-00539,"SCC MOUNT PLATE, SC, RC2-B",1,,,PROTOLABS,RC-FAB-00539,1,,$0.00,,1,3,,
unknown,RC-ASY-00104,RC-FAB-00540,"TOP BRACKET, SCC, RC2-B",1,,,PROTOTEK,RC-FAB-00540,1,$340.74,$340.74,,1,3,,
unknown,RC-ASY-00104,RC-FAB-00607,"BASE, USB HOLDER, LOAD CELL, SC, RC2-B",1,,,PROTOLABS,RC-FAB-00607,1,,$0.00,,1,3,,
unknown,RC-ASY-00104,RC-FAB-00608,"TOP, USB HOLDER, LOAD CELL, SC, RC2-B",1,,,PROTOLABS,RC-FAB-00608,1,,$0.00,,1,3,,
unknown,RC-ASY-00104,LCOM UADAA90-2,"USB ADAPTER, TYPE A M-F, RIGHT ANGLE",1,LCOM,UADAA90-2,,,1,$7.55,$7.55,,1,3,,
unknown,RC-ASY-00104,MCM 91292A114,"SHCS, M3x0.5, 12mm, 18-8 SS",6,MCMASTER,91292A114,,,1,$0.05,$0.30,100,1,18,,
unknown,RC-ASY-00104,MCM 92000A024,"BHCS, M2x0.4, 18mm, 18-8 SS, Phillips",2,MCMASTER,92000A024,,,1,$0.08,$0.17,100,1,6,,
unknown,RC-ASY-00104,MCM 92095A177,"BHCS, M3x0.5, 5mm, 18-8 SS",2,MCMASTER,92095A177,,,1,$0.06,$0.12,100,1,6,,
unknown,RC-ASY-00104,MCM 92125A128,"FHCS, 18-8 SS, M3X.5, 8MM",2,MCMASTER,92125A128,,,1,$0.04,$0.07,100,1,6,,
unknown,RC-ASY-00104,MCM 92125A130,"FHCS, M3x0.5, 10mm, 18-8 SS",2,MCMASTER,92125A130,,,1,$0.06,$0.12,100,1,6,,
unknown,RC-ASY-00104,MCM 92290A763,"SHCS, M3X0.5, 35MM, 316SS",4,MCMASTER,92290A763,,,1,$0.32,$1.27,25,1,12,,
unknown,RC-ASY-00104,MCM 94500A225,"BHCS, M4X0.7, 316SS",4,MCMASTER,94500A225,,,1,$0.08,$0.32,100,1,12,,
unknown,RC-ASY-00104,MCM 98952A101,"HXST, M2.5X0.45, 5MM, M-F, AL",5,MCMASTER,98952A101,,,1,$1.57,$7.85,5,1,15,,
unknown,RC-ASY-00105,RC-FAB-00532,"WASTE DISH HOLDER, FMM, RC2",1,,,PROTOLABS,RC-FAB-00532,1,$187.34,$187.34,1,1,3,,
unknown,RC-ASY-00105,RC-FAB-00576,"RUBBER BUMPER, WASTE DISH,  FMM, RC2",4,,,READCOOR,RC-FAB-00576,1,$0.01,$0.05,1,1,12,,
unknown,RC-ASY-00105,MCM 92015A207,"SETSCREW, HEX HEAD, M2x0.4,  2.5mm, 18-8 SS, CUP TIP",4,MCMASTER,92015A207,,,1,$0.25,$1.01,4,1,12,,
unknown,RC-ASY-00105,MIS MSCSS2-12,"DOWEL PIN, 2MM X 15MM,  CHAMFER AND RADIUS, 304 SS",4,MISUMI,MSCSS2-12,,,1,$1.75,$7.00,4,1,12,,
unknown,RC-ASY-00109,RC-FAB-00541,"BRACKET, SIPPER TUBE CALIBRATION, SC, RC2-B",1,,,PROTOLABS,RC-FAB-00541,1,$209.24,$209.24,,1,3,,
unknown,RC-ASY-00109,Panasonic PM-R25,Panasonic PM-R25 Photointerruptor,1,DigiKey,1110-3888-ND,,,1,$11.00,$11.00,0,1,3,,
unknown,RC-ASY-00109,PANA PM-U25,"PHOTOINTERRUPTOR, U TOP MOUNT, WIRED",1,DIGIKEY,1110-3886-ND,,,1,$11.00,$11.00,0,1,3,,
unknown,RC-ASY-00109,MCM 94500A222,"BHCS, M3X0.5, 8MM, 316SS",3,MCMASTER,94500A222,,,1,$0.06,$0.19,100,1,9,,
unknown,RC-ASY-00111,RC-ASY-00112,V7.3 Z RISER MODULE ASM,1,,,,,1,,,,2,6,,
unknown,RC-ASY-00111,RC-FAB-00543,V7.3 CAM RETAINER,1,,,PROTOLABS,,1,134.78,,,2,6,,
unknown,RC-ASY-00111,RC-FAB-00578,V7.3 SIM BASEPLATE,1,,,PROTOLABS,,1,372.28,,,2,6,,
unknown,RC-ASY-00111,RC-FAB-00579,V7.3 Hinge Base,1,,,PROTOLABS,,1,440.71,,,2,6,,
unknown,RC-ASY-00111,RC-FAB-00580,V7.3 CAM PLATE,1,,,PROTOLABS,,1,512.1,,,2,6,,
unknown,RC-ASY-00111,RC-FAB-00583,V7.3 Hinge Catch,1,,,PROTOLABS,,1,363.31,,,2,6,,
unknown,RC-ASY-00111,RC-FAB-00585,V7.3 XY CAM PUSHER,1,,,PROTOLABS,,1,168.12,,,2,6,,
unknown,RC-ASY-00111,RC-FAB-00586,V7.3 BUTTON SIDE,1,,,PROTOLABS,,1,142.29,,,2,6,,
unknown,RC-ASY-00111,RC-FAB-00587,V7.3 Y CAM,1,,,PROTOLABS,,1,174.29,,,2,6,,
unknown,RC-ASY-00111,RC-FAB-00588,V7.3 X CAM,1,,,PROTOLABS,,1,178.83,,,2,6,,
unknown,RC-ASY-00111,RC-FAB-00589,V7.3 HINGE LATCH,1,,,PROTOLABS,,1,160.39,,,2,6,,
unknown,RC-ASY-00111,RC-FAB-00594,V7.3 HINGE LATCH BRACE,1,,,PROTOLABS,,1,150,,,2,6,,
unknown,RC-ASY-00111,RC-FAB-00599,V7.3 BUTTON CAP,2,,,RC,,1,,,,2,12,,
unknown,RC-ASY-00111,IGUS GFM-050709-05,"5mm ID, 7mm OD 5mm L Flanged G300 Bushing",2,IGUS,,,,1,0.75,,,2,12,,
unknown,RC-ASY-00111,IGUS GSM-0405-06,IGUS GSM-0405-06 SLEEVE BEARING,2,IGUS,GSM-0405-06,,,1,0.81,,,2,12,,
unknown,RC-ASY-00111,McMaster 1561T733,STACKED WAVE DISC SPRING,4,McMaster-Carr Supply Company,1561T733,,,1,5.04,,,2,24,,
unknown,RC-ASY-00111,McMaster 6725K331,LINEAR GUIDE RAIL,1,McMaster-Carr Supply Company,6725K331,,,1,24.6,,,2,6,,
unknown,RC-ASY-00111,McMaster 8438K200,CORROSION RESISTANT BALL BEARING CARRIAGE,1,McMaster-Carr Supply Company,8438K200,,,1,65.47,,,2,6,,
unknown,RC-ASY-00111,McMaster 84895A210,PRESS-FIT SS BODY SPRING PLUNGER W SS BALL,2,McMaster-Carr Supply Company,84895A210,,,1,3.92,,,2,12,,
unknown,RC-ASY-00111,McMaster 90269A119,SUPER-CORROSION-RST 316 SS SHOULDER SCREW,2,McMaster-Carr Supply Company,90269A119,,,1,6.45,,,2,12,,
unknown,RC-ASY-00111,McMaster 92290A745,,8,McMaster-Carr Supply Company,92290A745,,,1,7.23 pack of 25,,,2,48,,
unknown,RC-ASY-00111,McMaster 92290A761,TYPE 316 SS SOCKET HEAD CAP SCREW,7,McMaster-Carr Supply Company,92290A761,,,1,11.75 Pack of 50,,,2,42,,
unknown,RC-ASY-00111,McMaster 9271K579,MUSIC-WIRE STEEL TORSION SPRING,1,McMaster-Carr Supply Company,9271K579,,,1,6.76 pack of 6,,,2,6,,
unknown,RC-ASY-00111,McMaster 9271K647,MUSIC-WIRE STEEL TORSION SPRING,1,McMaster-Carr Supply Company,9271K647,,,1,6.76 pack of 6,,,2,6,,
unknown,RC-ASY-00111,McMaster 92927A522,SPRING STEEL SHIM FOR SCREW SHOULDERS,2,McMaster-Carr Supply Company,92927A522,,,1,6.86 pack of 5,,,2,12,,
unknown,RC-ASY-00111,McMaster 93395A141,TYPE 316 SS FLAT-HEAD SOCKET CAP SCREW,2,McMaster-Carr Supply Company,93395A141,,,1,4.71 pack of 10,,,2,12,,
unknown,RC-ASY-00111,McMaster 93395A144,TYPE 316 SS FLAT-HEAD SOCKET CAP SCREW,3,McMaster-Carr Supply Company,93395A144,,,1,4.66 pack of 10,,,2,18,,
unknown,RC-ASY-00111,McMaster 93395A198,"FHCS, M3x0.5, 6mm, 316 SS",1,McMaster Carr Supply Company,93395A198,,,1,7.59 pack of 50,,,2,6,,
unknown,RC-ASY-00111,McMaster 93395A209,TYPE 316 SS FLAT-HEAD SOCKET CAP SCREW,2,McMaster-Carr Supply Company,93395A209,,,1,9.76,,,2,12,,
unknown,RC-ASY-00111,McMaster 93448A102,LOW-CLEARANCE EXTERNAL RETAINING RING,2,McMaster-Carr Supply Company,93448A102,,,1,12.60 pack of 25,,,2,12,,
unknown,RC-ASY-00111,McMaster 93600A189,"316 SS DOWEL PIN, 2MM DIA, 6MM L",1,McMaster-Carr Supply Company,93600A189,,,1,6.35 pack of 25,,,2,6,,
unknown,RC-ASY-00111,McMaster 93600A200,"DOWEL PIN 2mm, 10mm, 316 SS",7,McMaster-Carr Supply Company,93600A200,,,1,6.55,,,2,42,,
unknown,RC-ASY-00111,McMaster 93600A208,"DOWEL PIN, 2mm X 12mm, 316 SS",1,McMaster-Carr Supply Company,93600A208,,,1,6.79,,,2,6,,
unknown,RC-ASY-00111,McMaster 93600A223,"316 SS DOWEL PIN, 2MM DIA, 14MM LNG; MCM 93600A223 OR EQUIV.",2,McMaster-Carr Supply Company,93600A223,,,1,7.02 pack of 25,,,2,12,,
unknown,RC-ASY-00111,McMaster 93600A281,"93600A281 DOWEL PIN, 4mm, 10mm, 316SS",1,McMaster-Carr Supply Company,93600A281,,,1,6.91,,,2,6,,
unknown,RC-ASY-00111,McMaster 93600A434,METRIC TYPE 316 STAINLESS STEEL DOWEL PIN,2,McMaster-Carr Supply Company,93600A434,,,1,4.83,,,2,12,,
unknown,RC-ASY-00111,McMaster 93600A437,METRIC TYPE 316 STAINLESS STEEL DOWEL PIN,2,McMaster-Carr Supply Company,93600A437,,,1,5.47,,,2,12,,
unknown,RC-ASY-00111,McMaster 93600A461,METRIC TYPE 316 STAINLESS STEEL DOWEL PIN,1,McMaster-Carr Supply Company,93600A461,,,1,6.17,,,2,6,,
unknown,RC-ASY-00111,McMaster 93600A531,316 STAINLESS STEEL DOWEL PIN,2,McMaster-Carr Supply Company,93600A531,,,1,7.85,,,2,12,,
unknown,RC-ASY-00111,McMaster 9654K941,STEEL EXTENSION SPRING,2,McMaster-Carr Supply Company,9654K941,,,1,8.35,,,2,12,,
unknown,RC-ASY-00111,McMaster 9714K230,WAVE DISC SPRING,2,McMaster-Carr Supply Company,9714K230,,,1,11.07 pack of 25,,,2,12,,
unknown,RC-ASY-00111,McMaster 92290A013,"SHCS, 316 SS, M2X.4, 6MM",3,McMaster-Carr Supply Company,92290A013,,,1,7.73 pack of 25,,,2,18,,
unknown,RC-ASY-00111,McMaster 92605A528,"FPSS, M4X0.7, 10MM, 316SS",3,McMaster-Carr Supply Company,92605A528,,,1,11.02 pack of 50,,,2,18,,
unknown,RC-ASY-00111,McMaster 93600A370,METRIC TYPE 316 STAINLESS STEEL DOWEL PIN,1,McMaster-Carr Supply Company,93600A370,,,1,8.80 Pack of 25,,,2,6,,
unknown,RC-ASY-00111,Misumi PSSFJT4-22-M2,"LINEAR PULL OUT SHAFT, 440C SS, 4MM DIA, 30MM, M2",4,Misumi,PSSFJT4-22-M2,,,1,7.66,,,2,24,,
unknown,RC-ASY-00112,RC-FAB-0109,V7.3 Z RISER,1,,,PROTOLABS,,1,364.2,364.2,requires ~20 minute postmachine if from protolabs,2,6,,
unknown,RC-ASY-00112,RC-FAB-0197,V7.3 TEC HAT,1,,,PROTOLABS,,1,186.18,186.18,,2,6,,
unknown,RC-ASY-00112,IDEX P-321,"FITTING PLUG, 1/4-28, PEEK",1,IDEX-HS,P-321,,,1,,,,2,6,,
unknown,RC-ASY-00112,McMaster 92290A019,"SHCS, 316 SS, M2X.4, 12MM",4,McMaster-Carr Supply Company,92290A019,,,1,,,,2,24,,
unknown,RC-ASY-00112,McMaster 52065K493,"RIGHT ANGLE PUSH TO CONNECT FITTING, 4MM, M6",2,McMaster-Carr Supply Company,52065K493,,,1,,,,2,12,,
unknown,RC-ASY-00112,McMaster 61205K720,61205K720_FIXED ALIGNMENT LINEAR BALL BRNG,4,McMaster-Carr Supply Company,61205K720,,,1,,,,2,24,,
unknown,RC-ASY-00112,Vishay VCNL4010,VISHAY SMT PROX SENSOR,1,DigiKey,VCNL4010-GS08TR-ND,Vishay Semi.,,1,,,,2,6,,
unknown,RC-ASY-00121,MCM 91292A015,"SHCS, M2.5X0.45, 4MM, 18-8SS",12,MCMASTER,91292A015,,,1,$0.25,$2.96,,1,36,,
unknown,RC-ASY-00122,MCM 92290A111,"SHCS, M3X0.5, 6MM, 316 SS",16,MCMASTER,92290A111,,,1,$0.21,$3.41,,1,48,,
unknown,RC-ASY-00127,RC-FAB-00599,BULK REAGENT RFID BASE,1,,,,,1,,,,4,12,,
unknown,RC-ASY-00127,RC-FAB-00602,BULK REAGENT RFID TOP,1,,,,,1,,,,4,12,,
unknown,RC-ASY-00127,RC-FAB-00603,BULK REAGENT PIVOT BASE,4,,,,,1,,,,4,48,,
unknown,RC-ASY-00127,RC-FAB-00604,BULK REAGENT PIVOT ARM,4,,,,,1,,,,4,48,,
unknown,RC-ASY-00127,ELATEC TWN4 MULTITECH 3,"TWN4 MULTITECH 3, OEM RFID READER/WRITER FOR LF, HF, NFC",4,ELATEC,ELATECH TWN4 MULTITECH 3,ELATEC,TWN4 MULTITECH 3,1,,,,4,48,,
unknown,RC-ASY-00127,McMaster 9271K390,LH MUSIC WIRE STEEL TORSION SPRING,4,,9271K390,,,1,5.81 pack of 6,,,4,48,,
unknown,RC-ASY-00127,McMaster 9271K380,RH MUSIC WIRE STEEL TORSION SPRING,4,McMaster-Carr Supply Company,9271K380,,,1,5.81 pack of 6,,,4,48,,
unknown,RC-ASY-00127,McMaster 92981A030,ALLOY STEEL SHOULDER SCREW,8,McMaster-Carr Supply Company,92981A030,,,1,2.24,,,4,96,,
unknown,RC-ASY-00127,McMaster 92290A113,"SHCS, M3X0.5, 8mm, 316SS",8,McMaster-Carr Supply Company,92290A113,,,1,10.87 pack of 50,,,4,96,,
unknown,RC-ASY-00127,McMaster 92398A121,18-8 SS TWIST-RESISTANT HEX-SHAPED INSERTS,16,McMaster-Carr Supply Company,92398A121,,,1,9.34 pack of 25,,,4,192,,
unknown,RC-ASY-00127,McMaster 92290A761,TYPE 316 SS SOCKET HEAD CAP SCREW,7,McMaster-Carr Supply Company,92290A761,,,1,11.75 Pack of 50,,,4,84,,
unknown,RC-ASY-00127,M4L ND020,".375"" dia .1"" thk N42 NdFeB Magnet",4,Magnet4Less,ND020,,,1,0.28,,,4,48,,
